bracket_num,horse_num,horse_name,horse_age,weight_carried,jockey,stable,horse_id,horse_url
1,1,ブルグミューラー,牡6,57.0,城野慈尚,高知別府真司,2020101927,https://db.netkeiba.com/horse/2020101927
2,2,エスケンドリーム,牡5,57.0,永森大智,高知雑賀正光,2021106956,https://db.netkeiba.com/horse/2021106956
3,3,エクセレントタイム,セ8,57.0,郷間勇太,高知川野勇馬,2018105524,https://db.netkeiba.com/horse/2018105524
4,4,アルドーレ,牡11,57.0,近藤翔月,高知田中守,2015103217,https://db.netkeiba.com/horse/2015103217
5,5,ローズボウル,牡8,57.0,多田羅誠,高知宮川浩一,2018104574,https://db.netkeiba.com/horse/2018104574
5,6,ジャスパーバローズ,牡6,57.0,岡村卓弥,高知別府真司,2020100665,https://db.netkeiba.com/horse/2020100665
6,7,エイシングラス,牡7,57.0,山崎雅由,高知田中譲二,2019103731,https://db.netkeiba.com/horse/2019103731
6,8,ベルリネッタ,牡4,57.0,畑中信司,高知川野勇馬,2022101426,https://db.netkeiba.com/horse/2022101426
7,9,ライラボンド,牡7,57.0,野畑凌,高知打越勇児,2019105913,https://db.netkeiba.com/horse/2019105913
7,10,サンライズホープ,牡9,57.0,新庄海誠,高知田中譲二,2017100988,https://db.netkeiba.com/horse/2017100988
8,11,プリフロオールイン,牡5,57.0,吉原寛人,高知打越勇児,2021100642,https://db.netkeiba.com/horse/2021100642
8,12,サノノエスポ,牝6,55.0,塚本征吾,高知目迫大輔,2020102161,https://db.netkeiba.com/horse/2020102161
