日付,開催,天気,R,レース名,映像,頭数,枠番,馬番,オッズ,人気,着順,騎手,斤量,距離,水分量,馬場,馬場指数,タイム,着差,ﾀｲﾑ指数タイム指数(通常)タイム指数マスター,ﾀｲﾑ指数Mタイム指数(通常)タイム指数マスター,ｽﾀｰﾄ指数,追走指数,上がり指数,通過,ペース,上り,馬体重,厩舎ｺﾒﾝﾄ,備考,勝ち馬(2着馬),賞金
2026/09/27,高知,曇,7,珊瑚冠賞(重賞),,12,8,11,1.7,1,8,吉原寛人,57,ダ1900,,不,,2:05.6,1.9,,,,,,2-2-4-6,,41.2,455(0),,,サノノエスポ,
2026/08/25,金沢,晴,9,イヌワシ賞【白山大賞(重賞),,10,8,9,4.3,3,3,宮川実,57,ダ2000,,良,**,2:11.9,0.3,**,,,,,1-1-1-1,,39.5,455(-2),,,ダンテバローズ,160.0
2026/05/24,高知,曇,6,福永洋一記念[地方交(重賞),,11,6,7,1.6,1,4,宮川実,57,ダ1600,,不,**,1:42.7,1.4,**,,,,,1-1-1-1,,38.7,457(-6),,,ライラボンド,240.0
2026/04/12,高知,晴,6,二十四万石賞(重賞),,12,6,8,4.1,2,1,宮川実,57,ダ1900,,重,**,2:03.3,-0.8,**,,,,,1-1-1-1,,38.5,463(+12),,,(ポイントフォワード),"1,000.0"
2025/04/13,高知,晴,6,二十四万石賞(重賞),,12,3,3,1.8,1,1,永森大智,57,ダ1900,,不,**,2:02.8,-0.8,**,,,,,1-1-1-1,,37.2,451(-2),,,(グラティアスグー),"1,000.0"
2025/03/09,高知,晴,9,ブラッドストーン特別(A),,7,4,4,1.5,1,1,宮川実,56,ダ1600,,重,**,1:44.1,-0.1,**,,,,,3-3-3-1,,38.4,453(-2),,,(ロッキーサンダー),200.0
2025/02/16,高知,曇,4,だるま夕日賞(重賞),,11,7,8,6.9,3,4,宮川実,57,ダ1600,,重,**,1:45.5,0.1,**,,,,,2-3-3-1,,39.7,455(-6),,,ティアップエックス,180.0
2025/01/19,高知,曇,4,大高坂賞(重賞),,12,6,8,1.8,1,11,宮川実,57,ダ1400,,良,**,1:36.0,4.0,**,,,,,2-1-3-9,,46.0,461(+5),,,マイネルシトラス,
2024/11/07,園田,晴,11,楠賞(重賞),,12,6,8,2.7,2,10,宮川実,56,ダ1400,,良,**,1:31.7,2.0,**,,,,,4-5-2-5,,41.3,456(+6),,,フジユージーン,
2024/08/04,高知,晴,9,黒潮菊花賞(重賞),,12,8,12,1.0,1,1,宮川実,56,ダ1900,,良,**,2:05.3,-1.0,**,,,,,1-1-1-1,,39.6,450(-2),,,(マジックセブン),800.0
2024/06/16,高知,晴,7,高知優駿[地方交流(重賞),,12,3,3,1.2,1,1,宮川実,56,ダ1900,,良,**,2:05.0,-1.4,**,,,,,1-1-1-1,,38.8,452(+5),,,(ワンウォリアー),"1,600.0"
2024/05/05,高知,晴,7,黒潮皐月賞(重賞),,12,2,2,1.3,1,1,宮川実,56,ダ1400,,稍,**,1:29.4,-1.3,**,,,,,1-1-1-1,,37.6,447(-8),,,(サノノスピード),800.0
2024/04/06,高知,曇,5,仙台屋桜特別(3歳),,11,5,5,1.1,1,1,宮川実,56,ダ1600,,重,**,1:44.7,-0.2,**,,,,,1-1-1-1,,38.7,455(-2),,,(サノノスピード),400.0
2024/02/04,高知,曇,5,土佐水木特別(3歳),,11,7,9,1.2,1,1,宮川実,56,ダ1600,,不,**,1:42.8,-0.2,**,,,,,1-1-1-1,,37.5,457(+3),,,(ワンウォリアー),400.0
2023/12/28,高知,晴,7,金の鞍賞(重賞),,12,2,2,1.4,1,1,宮川実,56,ダ1400,,稍,**,1:32.4,-0.9,**,,,,,1-1-1-1,,39.4,454(+10),,,(リケアサブル),800.0
2023/10/29,高知,晴,7,ネクストスター高知(重賞),,12,4,4,1.3,1,1,宮川実,56,ダ1400,,重,**,1:31.8,-0.8,**,,,,,1-2-1-1,,40.8,444(-3),,,(リケアサブル),"1,000.0"
2023/10/14,高知,小雨,2,ぶんじじ喜寿記念特別(2歳),,10,8,9,1.6,1,1,宮川実,55,ダ1300,,重,**,1:25.7,-1.1,**,,,,,1-1-1-1,,40.3,447(+6),,,(ワンウォリアー),90.0
2023/09/09,高知,晴,1,エクレウス特別(2歳),,7,5,5,1.1,1,1,宮川実,55,ダ1300,,稍,**,1:27.9,-1.3,**,,,,,2-2-2-2,,41.5,441(+7),,,(ジョウショーライン),120.0
2023/08/27,高知,晴,1,2歳新馬,,6,1,1,2.4,2,2,永森大智,55,ダ800,,重,**,0:49.6,0.3,**,,,,,1-1,,36.8,434(0),,,ウオタカ,84.0
