rank,bracket_num,horse_num,horse_name,horse_age,weight_carried,jockey,stable,time,margin,popularity,odds,last3f,passing_order,horse_weight,weight_diff,horse_id,horse_url
1,8,16,ピューロマジック,牝5,56.0,岩田望,栗東安田,1:09.2,,9,24.5,35.6,1-1,464,+4,2021107058,https://db.netkeiba.com/horse/2021107058
2,3,6,ワールズエンド,牡5,58.0,津村,栗東池添,1:09.2,クビ,5,10.7,35.3,3-3,472,+2,2021105864,https://db.netkeiba.com/horse/2021105864
3,3,5,サウンドモリアーナ,牝4,56.0,吉田隼,栗東武英,1:09.2,ハナ,11,27.0,35.2,5-3,454,0,2022102057,https://db.netkeiba.com/horse/2022102057
4,5,9,スターアニス,牝3,54.0,ルメー,栗東高野,1:09.4,1.1/4,1,3.7,35.1,10-10,484,+4,2023106920,https://db.netkeiba.com/horse/2023106920
5,1,1,レッドモンレーヴ,牡7,58.0,酒井,美浦蛯名正,1:09.6,1.1/4,14,52.3,35.0,14-14,510,-2,2019105496,https://db.netkeiba.com/horse/2019105496
6,7,14,ウインカーネリアン,牡9,58.0,三浦,美浦鹿戸,1:09.6,クビ,6,13.9,35.6,5-3,518,+4,2017101429,https://db.netkeiba.com/horse/2017101429
7,4,8,エーティーマクフィ,牡7,58.0,富田,栗東武英,1:09.7,クビ,8,21.9,35.2,14-14,476,-6,2019105859,https://db.netkeiba.com/horse/2019105859
8,2,4,ジューンブレア,牝5,56.0,坂井,栗東武英,1:09.7,アタマ,12,28.3,35.6,7-8,496,+12,2021110099,https://db.netkeiba.com/horse/2021110099
8,4,7,ペアポルックス,牡5,58.0,岩田康,栗東梅田,1:09.7,アタマ,13,36.7,35.9,3-3,482,+4,2021102320,https://db.netkeiba.com/horse/2021102320
10,2,3,ママコチャ,牝7,56.0,武豊,栗東池江,1:09.7,ハナ,7,16.1,35.6,7-7,500,-2,2019105394,https://db.netkeiba.com/horse/2019105394
11,1,2,アイサンサン,牝4,56.0,幸,栗東橋田,1:09.8,3/4,15,56.1,35.5,10-12,454,-4,2022103875,https://db.netkeiba.com/horse/2022103875
12,8,15,フリッカージャブ,牡4,58.0,西村淳,栗東西園翔,1:09.9,3/4,3,7.7,36.2,2-2,504,-2,2022102020,https://db.netkeiba.com/horse/2022102020
13,5,10,レイピア,牡4,58.0,横山武,栗東中竹,1:10.6,4,10,25.2,36.0,14-12,508,0,2022103066,https://db.netkeiba.com/horse/2022103066
14,6,11,ルガル,牡6,58.0,鮫島駿,栗東杉山晴,1:10.8,1.1/4,4,9.6,36.5,10-10,532,0,2020106851,https://db.netkeiba.com/horse/2020106851
15,7,13,パンジャタワー,牡4,58.0,松山,栗東橋口,1:11.9,7,2,3.9,37.8,7-8,490,-4,2022101732,https://db.netkeiba.com/horse/2022101732
16,6,12,ブラックチャリス,牝3,54.0,浜中,栗東武幸,1:12.6,4,16,113.6,38.2,13-16,464,-6,2023107008,https://db.netkeiba.com/horse/2023107008
